Restaurant Name,Email
24th St. World Street Food,dine.dtdu@dusit.com
3 Fils,info@3fils.com
[u]bk - Urban Bar + Kitchen,hotel.jumeirahlakestowers@movenpick.com
"Abd El Wahab, Souk Al Bahar",marketing@hhh-me.com
Above Eleven,reservations@aboveelevendubai.com
Ahlan Business Class Lounge,lounge.hoteldxb@dihdxb.ae
Ahlan First Class Lounge,lounge.hoteldxb@dihdxb.ae
Ahlan Lounge @ Gate A1,ahlanlounge.ca@dihdxb.ae
Ahlan Lounge @ Gate C13,ahlanlounge.c13@dihdxb.ae
Akira Back,wpalmdining@whotelsworldwide.com
Al Beiruti Sheikh Zayed,info@albeiruti.com
Al Beiruti The Palm,info@albeiruti.com
Al Dawaar Revolving Restaurant,aldawaar.hyattregencydubai@hyatt.com
Al Fanar Restaurant & Cafe - DFC,ahmed@alfanarrestaurant.com
Al Hadheerah,restaurants@babalshams.com
Al Khayma Heritage Restaurant & Cafe,hi@alkhayma.com
Al Nafoorah - Jumeirah Al Qasr,restaurants@jumeirah.com
Al Shorfa Restaurant & Cafe,jalalsaber@alshorfadubai.ae
Alizée,dine-dubai@banyantree.com
Amala,jzsrestaurants@jumeirah.com
Amaseena,dine.dubai@ritzcarlton.com
Amaya Dubai Mall - Best Shisha Lounge & Restaurant,info@amayaintl.com
Amazonico,reservations@amazonico.ae
Amelia Restaurant & Lounge,info@amelialounge.com
Ammos Greek Restaurant,info@ammosgreek.com
Amritsr Restaurant,amritsrrestaurant@gmail.com
Anise,binay.acharya@ihg.com
Antonia Mall of the Emirates,info@antoniarestaurant.com
Anwā,bas.restaurants@babalshams.com
Arabian Fish House Restaurant & Cafe - Dubai,info@arabianfishhouse.com
Arabian Tea House - Jumeirah Archaeological Site,branch04@arabianteahouse.com
Arabian Tea House Restaurant & Cafe - Al Fahidi,branch01@arabianteahouse.com
Argentina Grill,argentinagrill.creek@gmail.com
Armani/Amal,restaurant.reservations@armanihotels.com
Armani/Hashi,restaurant.reservations@armanihotels.com
Aroos Damascus,aroos.damascus@yahoo.com
Arrazuna,marketing@thelinkdubai.com
Asador De Aranda Dubai,manager@asadordearanda.ae
Asia Asia Pier 7,info@asia-asia.com
Asia Asia The Palm,reservations@asiaasiapalm.com
Asia Republic,dxb-restaurant-rsvn@atlantisthepalm.com
At.mosphere,headhostess@atmosphereburjkhalifa.com
Atelier M Restaurant,info@atelierm.ae
Attiko Dubai,reservations@theattiko.com
Ayamna,atp-ayamna@atlantisdubai.com
Azure Beach Dubai,info@azure-beach.com
Bab Al Mansour,info@babalmansour.ae
Babel,babel.lamer-uae@diversedining.co.uk
Bagatelle Dubai,reservation@bistrotbagatelledubai.com
Bambooda Thai & Asian Fusion Restaurant,fbres.grandalbustan@accor.com
Barasti Beach Bar,03034.restaurants@marriott.com
Barfly By Buddha - Bar Dubai,dxbpj.barfly@hilton.com
Beach By FIVE,fpjd-marketingdepartment@fivehotelsandresorts.com
Bebek Restaurant & Lounge,info@bebekrestaurant.ae
Belcanto Restaurant,info@belcantorest.com
Belgian Beer Cafe,fbreservations.gmhd@millenniumhotels.com
Benihana - Amwaj Rotana,amwaj.hotel@rotana.com
Benjarong,dine.dtdu@dusit.com
Besar Restaurant Dubai Bluewaters,besar.rest@gmail.com
Birds Dubai,reservations@birdsdubai.com
Black Tap Craft Burgers & Shakes Dubai Mall,hello@blacktapme.com
Blume Dubai Mall,marketing@districteightdubai.com
Blume Dubai Marina,blume@districteightdubai.com
Bombay Brasserie,mayank.thapliyal@tajhotels.com
Bosporus Turkish Cuisine - The Beach (JBR),info@bosporus-uae.ae
Bosporus Turkish Cuisine - The Dubai Mall,info@bosporus-uae.ae
Brambles,info@bramblesdxb.ae
Brass Monkey - Bluewaters,reservations@brassmonkeysocial.com
Brass Monkey - City Walk,reservations.cw@brassmonkeysocial.com
Brass Monkey - Motor City,reservations.mc@brassmonkeysocial.com
Brasserie 2.0,resbook.leroyalmeridien@lemeridien.com
Buddha-Bar,resbook.grosvenorhouse@luxurycollection.com
Buffalo Wings & Rings - JLT,info@ae.bwr-intl.com
Buffalo Wings & Rings Dubai,marketing@ae.bwr-intl.com
Bull & Bear DIFC,bullandbear@waldorfastoria.com
Bushman's Restaurant & Bar,bushmans.dubai@anantara.com
Bussola,03034.restaurants@westin.com
Bā - Boldly Asian,palm.dining@fairmont.com
Cactus Jacks,dining.mahd@millenniumhotels.com
Cafe - EllaMia,ellamia.dubai@slshotels.com
Cafe Society Dubai,info@cafesociety.ae
Carnival by Tresind,carnival@passionfandb.com
Casa Mia,restaurants.lmd@lemeridien.com
Casablanca Beach Club,casablancabeach@atlantisdubai.com
Cavo Dubai,reservation@rameedream.com
Chaplin Dubai,chaplin@chaplinuae.com
Charm Thai,charmthai.cpdubaimarina@ihg.com
Ciao Bella,ciaobella@mediaonehotel.com
Claw BBQ,reservations@clawbbq.com
CLAW BBQ The Palm,dxbpj.clawbbq2@hilton.com
Clay Dubai,reservations@claydubai.com
Coco Grill & Lounge,reservations@coco-restaurants.ae
Conestreet by Borbone,info@mimegroup.me
CouCou,reservations@coucou-dubai.com
Counter Culture Café,eatatharbour@marriott.com
COYA Dubai,reservations@coyarestaurant.ae
CQ French Brasserie - JLT,jlt@cqbrasserie.com
Creek City Restaurant,creekcityuae.info@gmail.com
Crescendo,restaurants.dubai@anantara.com
Cucina The Palm,reservations@cucinadubai.com
Culinara Dubai,info@culinaradubai.com
Czn Burak Dubai,social@arunfoodbeverage.com
CÉ LA VI Dubai,alexander.levashov@celavi.com
Da Vinci's Italian Restaurant,dining.mahd@millenniumhotels.com
DailyDose,hello@dailydose.ae
Dampa Seafood Grill - Dubai,info@dampaseafoodgrill.com
Danial Restaurant,info@danialrestaurants.com
Demon Duck by Alvin Leung,dine-dubai@banyantree.com
Desi Dhaba,atriumfnb@fortunehotels.ae
Din Tai Fung - Mall of Emirates,alan.watson@newmilton.net
Dinner in the Sky,info@dinnerinthesky.ae
Doors Dubai Mall,cac@doorsdubai.com
Doors Freestyle Grill - Steakhouse,cac@doorsdubai.com
Double Decker,dine.almurooj@swissotel.com
DRIFT Dubai,info@driftbeachdubai.com
Déjàvu Restaurant,reservations@dejavudubai.ae
East 14,restaurant.reservation@cieldubai.com
Eat Greek Kouzina,reservations@eatgreekkouzina.com
Eggspectation,ihab.hilal@eggspectation.com
En Fuego,sandra.barrera@atlantisdubai.com
Entrecôte Café de Paris - The Dubai Mall,info@entrecote.me
Ernst Biergarten,dubai@ernstbiergarten.com
Estiatorio Milos,reservations@milosdubai.com
Feast Restaurant,feast@sheratongranddubai.com
Fi'lia at SLS Dubai,filia.dubai@slshotels.com
Fire Lake Grill House Restaurant & Bar,firelake.damachills@radisson.com
Fish Beach Taverna,03034.restaurants@westin.com
Fish Hut Restaurant,fishhutbarsha@gmail.com
Fish Hut Restaurant Oud Metha Branch,dubaifishhut@gmail.com
Fish Market,kumar@radissonblu.com
Flavours Of India,dining@ramadajbr.com
Floor 24,jrgmarketing@jumeirah.com
Flow Kitchen,palm.dining@fairmont.com
Flying Elephant Mystical Mixology,tarun.jewalikar@accor.com
Fogo de Chao Brazilian Steakhouse - Dubai,info@fogome.com
Fogueira Restaurant & Lounge,sh.dxbsj.restaurants@sheraton.com
Frevo,palm.dining@fairmont.com
Fujiya Millennium Hotel,millennium@fujiya.ae
GAL Restaurant Dubai,reservation@galrestaurant.com
garden on 8,gardenon8@mediaonehotel.com
Gastronomy,theroyal.reservations@atlantisdubai.com
Gatsby Dinner Show & Club Dubai,reservations@gatsbydubai.com
Gia,giadm@aaent.me
Ginger Moon,03034.reservations@westin.com
Goldfish Sushi & Yakitori,info@goldfishsushiyakitori.com
Goose Island Tap House JBR,flh.dining@fivehotelsandresorts.com
Goose Island Tap House JVC,fpjd.dining@fivehotelsandresorts.com
Gordon Ramsay's Bread Street Kitchen,atp-restaurant-rsvn@atlantisdubai.com
Gordon Ramsay's Street Pizza,atp-restaurant-rsvn@atlantisdubai.com
Graze Gastro Grill,laville.dining@autographhotels.com
Hadoota Masreya,info@hadoota.com
Hakkasan,andrew.lewis@hakkasandubai.com
Han Shi Fu,hsf@chinesepalacegroup.com
Hard Rock Cafe,sales@hardrockdubai.ae
Hard Rock Cafe Dubai,sales@hardrockdubai.ae
Hard Rock Dubai Sports City,salesdsc@hardockdubai.ae
Hartisan Restaurant,restaurant.jbr@hilton.com
Hibachi Sushi & Teppanyaki,fbres.grandalbustan@accor.com
Hikina,ak.dxbak.restaurant.reservations@autographhotels.com
HISAYA Japanese Restaurant,hisaya-dubai@hisaya-uae.com
Huqqa Dubai,social@huqqa.com
Hurricane's Grill Dubai Mall,david.luis@regulusrestaurants.ae
Hutong,carlos.ruiz@aqua-dubai.com
Ikigai,reservation@ikigaidubai.com
Il Motto Pizzeria,ilmotto.pizzeria@jaresorts.com
Indego by Vineet,resbook.grosvenorhouse@luxurycollection.com
Indish Indian Restaurant,gkonweb@gmail.com
Indya by Vineet,resbook.leroyalmeridien@lemeridienhotels.com
Issei,issei.dubai@radisson.com
iZ,dxbgh-restaurantreservations@hyatt.com
Izakaya,mhrs.dxbjw.restaurant.reservation@marriott.com
Izel Lounge,reservation@izellounge.com
Jade,fpjd.dining@fivehotelsandresorts.com
Jam Jars Bar & Restaurant,info@jamjarsdubai.ae
Jb's Gastropub,fb.amwaj@rotana.com
Joe's Cafe,joescafedubai@binhendiholding.com
Jones The Grocer,manager.thepalm@jonesthegrocer.com
Jospereno Steakhouse & Restaurant,hello@jospereno.com
Jovee - Italian & Japanese Restaurant,reservation@joveedubai.com
Jules,restaurants.lmd@lemeridien.com
Jun's,reservations@junsdubai.com
Kaleidoscope,restaurantreservations@atlantisthepalm.com
Kanpai,reserve@kanpaime.com
Karachi Grill Restaurant,info@karachigrilluae.com
Kcal Restaurant - Jumeirah Lake Towers,talktous@kcallife.com
Kimura-ya Authentic Japanese Restaurant,kimura-ya@kimuraya-dubai.com
Kimura-ya Authentic Japanese Restaurant - 3rd Branch - Al Jaddaf,jaddaf@kimuraya-dubai.com
Kimura-ya Authentic Japanese Restaurant - 4th Branch Creek,creek@kimuraya-dubai.com
Kimura-ya Authentic Japanese Restaurant - Marina,marina@kimuraya-dubai.com
Kinara by Vikas Khanna,restaurant.reservation@jaresorts.com
Kitchen Connection,restaurants@jumeirah.com
Kitchen6,mhrs.dxbjw.restaurant.reservation@marriott.com
Kite Cafe & Restaurant,fnb.rbr@roda-hotels.com
KIZA Restaurant & Lounge,reservations@kiza.ae
Koko Bay,info@kokobay.co
Konjiki Hototogisu MOE,enquiry@konjiki.ae
La Mar by Gaston Acurio,campbell.wilson@lamardubai.com
La Petite Maison Dubai,marketing@lpmdubai.ae
La Rive Seaside Restaurant,larive@thoe-hotels.com
La Sirene,lasirene.vpvd@avanihotels.com
LaCochi Restaurant - Dubai,info@lacochi.com
Lamesa Restaurant,lamesa@asianahoteldubai.com
Le Murooj Restaurant,reservations.almurooj@roda-hotels.com
Level 43 Sky Lounge,lincy.victor@marriott.com
Leña Dubai,reservations@lenadubai.com
Ling Ling Dubai,reservations@linglingdubai.com
Little Miss India,palm.dining@fairmont.com
Logs & Embers,booking@logsnembers.com
Lola Taberna Española,info@lolataberna.com
Long island,info@longisland.ae
Long Yin,restaurants.lmd@lemeridien.com
Luchador,luchador.palmjumeirah@alofthotels.com
Luigia - The Best of Italy,info@luigia.ae
Madera Casa Restaurant,madera.casa2025@gmail.com
Maiden Shanghai,fpjd.dining@fivehotelsandresorts.com
Maison De Curry,amine.mesbahi@passionfandb.com
Maison Mathis,bonjour@mm-argc.com
MaKiRa,dine.dtdu@dusit.com
Mama Zonia,reservations@mamazonia.com
Mare By Bussola,03034.restaurants@westin.com
Masala Wok Restaurant,masalawokuae@gmail.com
Massimo's Italian Restaurant,massimo.lapeschi@yahoo.com
Masti - Cocktails & Cuisine,info@mastidubai.com
McG's By McGettigan's Al Barsha,mcgs.albarsha@accor.com
McGettigan's DWTC,contact@mcgettigans.com
McGettigan's Factory - The Palm,factory.palm@hilton.com
McGettigan's JLT,contact@mcgettigans.com
McGettigan's Souk Madinat,contact@mcgettigans.com
Meat Co Souk Madinat,reservations.smj@themeatco.com
Medley,h2022-fb2@accor.com
Mekong,restaurants.dubai@anantara.com
Mi Amie Dubai,mi-amie@jumeirah.com
Mimi Kakushi,book@mimikakushi.ae
Mina's Kitchen,03034.restaurants@westin.com
Minato,booking.diningdubaicreek@radissonblu.com
Ming Dynasty Dubai,reservations@mingdynasty.ae
Miss Tess,misstess.dubai@tajhotels.com
Mist Restaurant,info@mistdxb.com
Miyako,restaurantreservations.regencydubai@hyatt.com
Mogiya Authentic Japanese Restaurant,mogi-ya@mogiya-dubai.com
Monkey Bar,info@monkeybardubai.com
Morgan's Gastropub,albandar.hotel@rotana.com
Mukbang Shows Restaurant Korean BBQ and Seafood,info@mukbangshow.ae
MYATA Platinum Lounge & Bar Dubai,info@myata.ae
Mythos Kouzina & Grill,info@mythoskouzina.com
Naughty Pizza Dubai,dxb@naughty.pizza
NAZCAA,reservations@nazcaa.com
Nikki Beach Dubai,reservations.dubai@nikkibeach.com
Nobu By The Beach,nobubythebeach@atlantisdubai.com
Nobu Dubai,restaurantreservations@atlantisthepalm.com
Nonya Dubai,reservations@nonyadubai.com
O'Regan's Irish Bar and Restaurant,oregans.hoteldxb@dihdxb.ae
Observatory Lounge,welcome@observatorylounge.ae
Operation Falafel | JBR,info@operationfalafel.ae
Ossiano,reservations@ossianorestaurant.com
Pai Thai,restaurants@jumeirah.com
Panini,mariaferodelis@gmail.com
Pasha Sarayi Restaurant & Cafe,pasha.sarayi.uae@gmail.com
Peacock Alley DIFC,peacockalley.difc@waldorfastoria.com
Peppercrab,dubai.grand@hyatt.com
Pierre's TT,pierres.dubai@ihg.com
Pili Pili BBQ House,info@pilipilibbq.com
Praia Dubai,rsvp@praiadubai.com
Prime68 Steakhouse,mhrs.dxbjw.restaurant.reservation@marriott.com
Puffin Chimney Cakes & Gelato,info@puffin.ae
Purani Dilli,dtn.restaurants@marriott.com
Purani Dilli Sheikh Zayed,restaurantreservations.fpdubai@fourpoints.com
Pure Sky Lounge & Dining,pureskylounge@hilton.com
Qwerty,qwerty@mediaonehotel.com
Rang Mahal,mhrs.dxbjw.ays@marriotthotels.com
Rasoi Ghar Restaurant,rasoigharsocial@gmail.com
Reef & Beef,reservations@reefandbeef.ae
Ristorante L'Olivo at Al Mahara,alyaa.albishr@jumeirah.com
RIVA Beach Club,reservations@riva-beach.com
Rohini Indian Restaurant And Bar,anurag.arya@movenpick.com
Romantic Baka,info@romanticbaka.com
"Romeo Lane, Dubai",reservations@romeolanedubai.com
Ronin,flh.guestexperience@fivehotelsandresorts.com
Rowley's | Steakhouse Restaurant,info@rowleysrestaurants.com
Saffron,atp-restaurant-rsvn@atlantisdubai.com
Sakhalin Dubai,dubai@sakhalin.rest
Sallet Al Sayad Seafood Restaurant,info@salletalsayad.com
San Beach Club Dubai,reservations@sanbeachdubai.com
Santè Ria,rodrigo.capistran@thefirstcollection.ae
Sardina Seafood Restaurant,info@sardina.ae
Seafood Market,restaurants.lmd@lemeridien.com
Seagrill Bistro,palm.dining@fairmont.com
Sette,restaurant.reservation@jaresorts.com
Shabestan,booking.diningdubaicreek@radissonblu.com
Shamiana,reservations@ihcltata.com
Shawafel,atp-restaurant-rsvn@atlantisdubai.com
SHI Restaurant & Lounge,reservations@shirestaurant.com
Shimmers,restaurants@jumeirah.com
Shisha House Dubai,shishahousedubai@gmail.com
SIKKA Cafe - La Mer,restaurants@saroodhospitality.com
Silk Lantern,reserve@silklantern.ae
Skafos,dining.alseef@hilton.com
Skyview Bar,restaurants@jumeirah.com
Sloane's,resbook.grosvenorhouse@luxurycollection.com
Smoki Moto,reservations@smokimotodubai.com
Smokin' Gun,restaurant.reservations@jaresorts.com
SoBe Dubai,wpalmdining@whotelsworldwide.com
Social,dxbpd.fbreservation@waldorfastoria.com
Society Room,contact@societyroomdubai.com
Solara,dineatsolara@addresshotels.com
Sonamu - Korean BBQ Restaurant,resturantreservations@asianahoteldubai.com
Soul St. Dubai,fpjd.dining@fivehotelsandresorts.com
Speakeasy Bar & Restaurant,speakeasy@ramadaplazajbr.com
Spice Island,cprestaurants@crowneplazadeira.com
STK Dubai JBR The Walk,reservations@stkdubaijbr.com
Sui Mui Dubai,03034.restaurants@westin.com
Sukhothai,restaurants.lmd@lemeridien.com
Sumibiya,booking.diningdubaicreek@radissonblu.com
Summer Place Dubai,summerplace@llvcdubai.com
Summersalt Beach Club,restaurants@jumeirah.com
SUSHISAMBA Dubai,info@sushisambadubai.com
Swiss Butter,info@swissbutter.com
Swiss Butter,info@swissbutter.com
TakaHisa Japanese Restaurant,reservations@takahisa.ae
TakaHisa Japanese Restaurant | Downtown,reservations.downtown@takahisa.ae
Tamoka Dubai,reservations@tamokadubai.com
Taperia,restaurant.reservation@jaresorts.com
Tasca,modub-tasca@mohg.com
Taverna Greek Kitchen,info@tavernagreek.ae
Terra Mia Dubai Italian Restaurant & Pizzeria,terramiadubai23@gmail.com
Texas de Brazil,customercare@gourmetgulf.com
The Banc Dubai,reservations@thebanc.ae
The Beam,resbook.leroyalmeridien@lemeridien.com
"The Blacksmith Bar & Eatery, Dubai Marina",info@theblacksmithdubai.com
The Cheesecake Factory,ccf.dxbmall-uae@alshaya.com
The Cheesecake Factory,cheesecake.beach-uae@alshaya.com
The China Club,sayed.mohamed@radissonblu.com
The Croft,eatatharbour@marriott.com
The Crossing,info@crossingtherestaurant.com
The Duchess,info@theduchesscafe.com
The Edge,atp-restaurant-rsvn1@atlantisthepalm.com
The Exit Sports Bar,exit.sportsbar@accor.com
The Grand Grill,reservations@thegrandgrill.com
The Grill Shack,info@thegrilllshack.com
The Guild,hello@theguilddubai.com
The Irish Village,info@theirishvillage.com
The Locale,thelocale-dxb@andaz.com
The Maine Oyster Bar & Grill,reserve@themaine.ae
The Market Café,reservations.grandhyattdubai@hyatt.com
The Marketplace,restaurants.aljaddaf@marriott.com
The Meat Co,reservations.sab@themeatco.com
The Noodle House - City Walk,restaurants@saroodhospitality.com
The Noodle House - JBR,sherwin.fernandez@saroodhospitality.com
The Noodle House - Palm Jumeirah Mall,restaurants@saroodhospitality.com
The Noodle House - Souk Madinat Jumeriah,restaurants@saroodhospitality.com
The Peacock Chinese Restaurant,jumeirah.sheraton@sheraton.com
The Penthouse Dubai,fpjd.dining@fivehotelsandresorts.com
The Pit House Of Barbecue Dubai,hello.ae@thepithob.com
The Pods,bookings@thepods.ae
The Shore,atp-restaurant-rsvn@atlantisdubai.com
"The Tap House, Downtown",infosab@thetaphouse.ae
The Thai Kitchen,thaikitchen.parkhyattdubai@hyatt.com
Thiptara,dineatpalacedowntown@addresshotels.com
Third Avenue Boutique,dubaimall@3rdavenuecafe.cc
Three Cuts - Steakhouse & Bar,reservations@threecuts.co
Time Out Market Dubai,infodxb@timeoutmarket.com
Timo,marketing.aljaddaf@rotana.com
Ting Irie,info@tingirie.com
Tocha,dine-dubai@banyantree.com
Toro Toro by Chef Richard Sandoval,resbook.grosvenorhouse@luxurycollection.com
Tortilla - Gate Avenue,customercare@eathos.net
Tortilla - Media City,customercare@eathos.net
Toshi,fbreservations.gmhd@millenniumhotels.com
Trader Vic's JBR,restaurant.jbr@hilton.com
Trader Vic's Palm Jumeirah,dxbpj_tradervics@hilton.com
Trattoria,restaurants@saroodhospitality.com
Tribes,info@tribesrestaurant.com
Tribes Dubai,infodm@tribesrestaurant.com
Trove Dubai Mall,social@troverestaurant.com
Trèsind Dubai,hangoutwithhani@gmail.com
Two Birds One Stone,reservations@twobirds-onestone.ae
Tête-à-tête,flh.dining@fivehotelsandresorts.com
Ula Dubai,feedback@solutions-leisure.com
Urla,reservations@urlarestaurant.com
Varq,varq.exoticadubai@tajhotels.com
Vegan Burger - The Dubai Mall,hello@veganburger.ae
Vera Versilia,reservations@veraversilia.ae
Vesna Lounge and Cafe,vesnaloungeandcafe@gmail.com
Via Toledo,info@viatoledo.ae
Vietnamese Foodies Downtown,info@vietnamesefoodies.com
View 180 Restaurant & Bar,view180.ndpj@nhcollection.com
Village Bistro,restaurantreservation.jvc@thefirstcollection.ae
Vivaldi Restaurant & Lounge,vivaldi.reservations@sheraton.com
WANE by Somiya,info@wanegroup.ae
Wavehouse,restaurantreservations@atlantisthepalm.com
Wayback Burgers,waybackburgers.marketing@gmail.com
WET Deck Dubai,wetdeckdubai@whotels.com
White Orchid Restaurant,restaurant.reservation@jaresorts.com
Windows Bar & Lounge,windowsbar.vocodubai@ihg.com
World Cut Steakhouse,dining@habtoorpalace.com
Yalumba,restaurants.lmd@lemeridien.com
Yara Jumeirah,reservations@yaradubai.com
Ying Ji Dim Sum,yingjiyuefu@gmail.com
YU Dubai,dxbpd.fbreservation@waldorfastoria.com
Yum!,arlene.evasco@radissonblu.com
Yuraku,restaurantreservations@asianahoteldubai.com
Yvonne,contact@yvonne.ae
ZEA Dubai,info@zeadubai.com
ZETA Seventy Seven,quality.abr@addresshotels.com
Zou Zou Turkish & Lebanese Restaurant,info@zouzoudubai.com
Zouzou Restaurant,info@zouzoudubai.com
Zuma Dubai,reservations@zumarestaurant.ae
